id,first_name,time,last_name,gender,ip_address
1,Nerty,2018-11-24 10:00:40,Chettle,Female,222.53.253.119
2,Shepperd,2019-01-20 16:41:45,Caulcutt,Male,192.64.49.85
3,Doy,2018-10-25 02:32:45,Bantham,Male,48.45.58.233
4,Jeana,2019-06-24 12:02:17,Buzine,Female,23.81.94.89
5,Leslie,2019-06-26 11:24:10,Vicioso,Male,12.99.94.222
6,Ilsa,2018-10-14 10:49:41,MacArd,Female,112.232.144.138
7,Ario,2018-08-27 21:55:33,Shutt,Male,63.220.194.197
8,Kaitlynn,2019-01-18 22:37:25,Riedel,Female,141.113.195.197
9,Ethel,2019-08-06 16:52:46,Campanelli,Female,1.206.168.140
10,Lorrie,2019-07-27 23:53:37,Blakelock,Female,155.127.121.200
11,Ryan,2019-04-16 14:01:38,Dyett,Male,161.142.111.24
12,Zared,2019-07-18 06:01:43,Towsie,Male,48.148.236.165
13,Shir,2019-05-07 00:34:58,Worledge,Female,222.57.97.211
14,Cointon,2019-06-26 10:17:12,Jessen,Male,116.164.16.4
15,Bogart,2019-01-12 12:34:10,Stollery,Male,36.166.117.219
16,Avigdor,2019-07-11 04:17:44,Ludwig,Male,41.5.207.221
17,Mallory,2019-02-11 16:39:11,Varnam,Female,11.25.215.200
18,Willey,2019-07-07 09:14:40,Mussared,Male,0.240.202.141
19,Rem,2019-05-12 19:01:49,Glasheen,Male,189.147.94.103
20,Ronni,2019-06-29 04:52:49,Gabotti,Female,242.149.249.151
21,Erastus,2018-09-08 11:39:27,Bech,Male,31.212.215.217
22,Allsun,2018-10-09 00:22:36,Lackie,Female,209.236.123.204
23,Patric,2018-12-31 16:55:02,Wisher,Male,23.252.221.250
24,Robin,2018-10-29 09:16:37,Souley,Male,73.156.161.99
25,Charmian,2018-09-21 12:15:41,Sonschein,Female,120.140.200.42
26,Willy,2019-04-05 07:16:31,Weldon,Male,204.29.177.250
27,Mahmud,2018-11-16 11:36:32,Jesty,Male,230.232.157.138
28,Lory,2019-01-29 19:01:57,Jonin,Female,23.249.111.245
29,Freedman,2019-06-23 10:42:29,Badam,Male,119.164.170.75
30,Garry,2019-05-02 19:40:01,Hince,Male,169.192.219.64
31,Sonya,2019-06-21 07:01:58,Di Biasio,Female,109.149.51.31
32,Doralynn,2019-06-24 08:18:56,Danigel,Female,35.115.130.143
33,Queenie,2018-11-07 06:25:34,Crockatt,Female,128.54.151.147
34,Remy,2018-09-05 15:12:39,Shrimpton,Female,88.137.92.190
35,Clare,2018-10-21 15:00:51,Solleme,Female,215.216.97.126
36,Jammal,2019-05-30 20:06:33,Vearncomb,Male,16.161.217.68
37,Sioux,2019-05-01 05:18:59,Tibald,Female,81.217.24.133
38,Meade,2019-07-07 08:22:32,Rossander,Female,5.109.218.9
39,Bil,2019-08-11 06:19:49,Bremley,Male,212.194.27.58
40,Nerita,2018-09-28 20:19:58,Jakoubek,Female,134.165.47.158
41,Horatia,2018-11-29 08:14:17,Kerby,Female,72.60.158.228
42,Darryl,2018-09-12 14:32:28,Lindup,Female,6.186.18.155
43,Cly,2018-08-31 04:55:41,Doogan,Male,155.202.156.97
44,Eugenius,2019-01-01 03:14:23,Danniell,Male,214.33.224.55
45,Hannie,2018-08-22 19:16:46,Measures,Female,77.118.201.120
46,Gerda,2019-02-21 12:19:25,Riddiford,Female,214.220.253.50
47,Alfie,2019-03-20 16:29:44,Urridge,Male,234.179.221.108
48,Tera,2018-08-26 01:15:25,Tansey,Female,74.10.58.145
49,Giorgi,2018-08-19 20:16:06,Tatton,Male,15.218.92.90
50,Roderich,2019-07-04 23:15:11,Greenrodd,Male,197.93.144.193
51,Dionisio,2019-04-04 02:28:26,De Ruggiero,Male,54.188.24.55
52,Nikolaos,2019-03-09 06:53:44,Pinnijar,Male,42.188.97.127
53,Ogdan,2019-05-17 16:41:57,Lawrey,Male,236.255.59.85
54,Leo,2019-07-14 03:19:21,Bloschke,Male,186.158.209.208
55,Barron,2018-10-11 09:20:19,Woltman,Male,191.226.207.52
56,Octavia,2019-04-10 03:43:16,Pull,Female,112.197.210.241
57,Antoine,2019-08-11 12:15:03,Santon,Male,178.178.70.130
58,Colby,2019-04-27 07:15:59,O' Quirk,Male,164.125.195.228
59,Egor,2019-05-09 11:25:20,de'-Ancy Willis,Male,117.168.85.155
60,Gizela,2018-10-31 23:11:32,Lutty,Female,186.79.190.20
61,Diannne,2018-08-20 00:21:07,Giovanni,Female,144.6.223.227
62,Stinky,2019-08-04 01:11:29,Dummer,Male,81.240.123.86
63,Lissa,2019-04-26 11:09:39,Loosemore,Female,187.174.9.219
64,Kristi,2018-10-05 04:31:16,Ellum,Female,161.243.109.17
65,Verne,2019-06-13 05:08:45,Tranmer,Male,174.67.99.208
66,Travers,2018-10-02 05:04:26,Hoggan,Male,80.127.228.10
67,Jerrylee,2018-10-15 10:30:31,Redsall,Female,124.97.23.133
68,Carola,2018-12-01 22:38:47,Wathell,Female,58.114.7.220
69,Jacklin,2019-04-07 05:53:26,Prestidge,Female,62.12.162.58
70,Ynes,2018-10-08 15:58:28,Wittman,Female,233.122.213.66
71,Kizzie,2019-06-29 19:01:51,Pryke,Female,115.71.93.130
72,Marian,2018-09-17 16:47:28,Braithwaite,Female,227.21.151.77
73,Maxy,2019-01-28 11:15:24,Whapple,Female,156.217.156.227
74,Renee,2018-12-31 22:53:39,Gaylard,Female,64.152.198.101
75,Sib,2019-05-01 06:16:34,Talton,Female,119.8.240.115
76,Annnora,2019-05-28 14:48:58,Bremmer,Female,124.190.44.239
77,Leigh,2018-11-02 10:15:30,Fouch,Female,68.132.238.250
78,Emerson,2019-05-10 23:12:44,Crutchley,Male,58.85.110.67
79,Freemon,2018-10-24 13:52:18,Kingstne,Male,29.195.63.237
80,Hakeem,2019-05-11 22:22:15,Kowalik,Male,74.146.160.52
81,Raynor,2018-09-23 07:27:04,Trevallion,Male,229.33.77.195
82,Anthe,2018-12-01 12:31:23,Dane,Female,178.218.246.120
83,Filide,2018-10-14 15:31:01,Pietruszewicz,Female,86.237.192.219
84,Astra,2018-08-29 08:44:42,Bottoner,Female,167.176.25.81
85,Prisca,2018-11-17 06:37:14,Hook,Female,164.198.76.137
86,Nolan,2019-03-14 04:40:22,Covert,Male,255.232.252.106
87,Kore,2019-01-08 05:50:07,Yemm,Female,92.188.24.112
88,Neal,2018-08-21 05:55:21,Noah,Male,236.142.206.157
89,Ina,2019-03-06 00:55:41,Ledes,Female,79.238.63.249
90,Napoleon,2018-12-23 05:34:14,Kepp,Male,225.139.27.19
91,Lina,2018-08-18 08:06:48,Deare,Female,117.117.109.237
92,Annetta,2019-02-15 07:01:27,Semiraz,Female,63.200.11.128
93,Bar,2019-07-14 15:12:56,Scarbarrow,Male,137.28.177.146
94,Shirley,2018-10-11 13:24:28,Dillicate,Female,167.178.67.98
95,Lemar,2019-02-01 01:24:38,Eallis,Male,195.128.29.243
96,Eliza,2019-07-31 13:11:23,Battlestone,Female,230.250.22.228
97,Lusa,2019-05-11 15:02:57,Duffit,Female,76.156.168.114
98,Hadleigh,2019-03-28 17:46:53,Boggas,Male,190.72.202.235
99,Mort,2018-09-08 03:32:58,Barten,Male,49.86.59.205
100,Bartholomeo,2018-12-02 03:52:40,Eilles,Male,84.3.6.53
101,Ramon,2018-09-26 08:26:38,Frift,Male,76.86.248.228
102,Riley,2018-10-31 16:23:18,Van Waadenburg,Male,229.62.140.15
103,Celinda,2019-03-22 16:54:39,Gaskamp,Female,107.56.222.112
104,Evan,2018-09-23 10:35:02,Muldowney,Male,41.72.28.20
105,Oralle,2019-05-22 04:58:13,Haugen,Female,126.193.154.147
106,Pandora,2019-05-04 10:34:58,Manicomb,Female,150.94.192.162
107,Kordula,2018-11-12 09:18:52,O'Howbane,Female,142.93.25.216
108,Immanuel,2019-03-05 20:49:15,Gunston,Male,24.138.191.55
109,Kaitlin,2019-07-07 16:20:09,Euston,Female,217.247.113.82
110,Silvester,2019-07-22 08:40:16,Lulham,Male,226.205.145.64
111,Shelli,2019-03-05 20:07:55,Dumingo,Female,160.230.53.204
112,Brnaba,2018-10-17 18:33:28,Dwyer,Male,107.228.23.17
113,Stanleigh,2019-02-07 00:07:43,Shipway,Male,193.118.242.53
114,Esra,2019-08-10 14:08:29,Pancost,Male,173.243.115.58
115,Elberta,2018-08-27 10:45:09,Broyd,Female,207.4.99.82
116,Dorise,2019-06-17 05:55:23,Walne,Female,179.241.177.96
117,Linea,2019-04-16 21:53:40,Camois,Female,241.237.144.20
118,Katrine,2019-03-26 19:42:05,Ludlamme,Female,51.98.197.39
119,Mada,2019-08-10 12:58:57,Matyukon,Female,244.89.47.70
120,Ellen,2018-11-30 22:16:58,Maskall,Female,195.243.111.216
121,Ashil,2019-05-13 19:07:27,Sharples,Female,171.44.249.111
122,Harmony,2019-07-26 20:03:01,Prydie,Female,62.102.42.171
123,Jannel,2018-10-24 18:25:52,Bourhill,Female,122.206.208.247
124,Ernst,2019-06-13 13:19:03,Snowding,Male,127.132.246.127
125,Osborn,2019-04-24 09:50:07,Pimblotte,Male,101.194.148.67
126,Donavon,2019-07-19 04:50:41,Courtin,Male,183.231.147.92
127,Stacee,2018-09-26 21:47:57,Brame,Female,162.204.33.178
128,Lovell,2018-10-18 02:28:14,Sirette,Male,25.200.65.94
129,Nicola,2019-05-23 13:03:48,Ruddin,Female,220.66.137.13
130,Dwight,2018-10-15 16:57:32,Yielding,Male,240.114.180.216
131,Geno,2019-04-10 06:12:19,Peltz,Male,32.249.67.212
132,Winslow,2018-08-18 08:21:29,Toffoloni,Male,249.171.181.183
133,Fonsie,2018-10-25 18:49:02,Taylo,Male,145.206.253.226
134,Larine,2019-05-27 15:12:09,Keilty,Female,211.122.233.131
135,Clay,2018-12-25 17:34:55,Dudding,Male,59.7.242.179
136,Cary,2018-10-25 22:55:39,Coltherd,Female,136.215.120.177
137,Manya,2018-12-08 12:48:06,Prendiville,Female,173.251.119.150
138,Giselbert,2019-03-23 16:25:29,Lawes,Male,176.202.184.200
139,Aloysius,2019-02-05 22:39:27,Skace,Male,64.109.76.235
140,Ainslee,2019-07-18 15:45:03,Busfield,Female,111.208.147.200
141,Olive,2019-07-29 15:10:34,Dysert,Female,57.198.127.237
142,Darleen,2019-07-17 05:25:57,Grouer,Female,21.252.203.133
143,Federica,2018-09-17 01:21:48,Pieterick,Female,17.97.154.136
144,Colan,2019-07-15 19:20:49,Sandcraft,Male,84.123.243.134
145,Alvie,2019-06-07 07:45:11,Guillem,Male,134.52.186.6
146,Bridie,2019-08-12 18:35:12,Jewiss,Female,76.119.116.24
147,Loralie,2019-04-06 01:59:17,Benneton,Female,173.201.64.1
148,Abbe,2019-08-06 06:28:36,Tixier,Male,38.84.158.115
149,Dora,2018-11-20 03:34:17,Daly,Female,189.170.203.211
150,Bran,2018-09-19 03:01:10,Marie,Male,1.142.237.92
151,Briant,2018-12-09 18:50:58,Anstis,Male,139.60.42.232
152,Eirena,2019-07-11 15:12:50,Edward,Female,213.101.85.87
153,Gabriellia,2019-02-06 23:57:39,Crinson,Female,197.186.196.153
154,Prent,2018-09-27 13:54:14,Samwell,Male,86.13.36.77
155,Anson,2018-11-30 11:27:53,Olivera,Male,24.147.9.197
156,Athene,2018-08-25 12:00:18,Turfes,Female,44.55.175.241
157,Darelle,2018-10-31 11:45:56,Grinov,Female,165.210.86.219
158,Lanie,2019-04-08 06:09:50,Kelston,Male,192.167.246.47
159,Ceil,2019-06-05 15:42:00,Cafe,Female,58.198.122.106
160,Heda,2018-11-05 20:55:58,McAndie,Female,219.134.162.86
161,Cori,2019-07-18 14:07:43,Scandrite,Female,49.72.38.49
162,Kent,2018-12-08 11:40:19,Milnthorpe,Male,157.211.74.207
163,Judye,2019-01-30 06:43:56,Hurford,Female,176.249.252.40
164,Amos,2019-04-26 00:13:16,Ricard,Male,202.8.254.180
165,Cal,2018-10-26 10:39:39,Hingeley,Male,56.198.207.241
166,Heywood,2018-09-02 10:52:12,Bedbury,Male,241.127.86.59
167,Henka,2018-12-24 08:10:41,Book,Female,213.33.225.154
168,Cheston,2019-08-05 23:27:58,Zoanetti,Male,33.147.251.74
169,Jervis,2019-06-04 03:22:10,Matschke,Male,58.69.21.2
170,Noby,2019-04-21 11:46:30,Murney,Male,252.132.92.47
171,Trace,2019-02-07 05:52:35,Gulvin,Male,72.139.90.135
172,See,2019-04-10 18:17:23,Vannoni,Male,170.116.78.97
173,Benetta,2019-06-05 00:38:28,Belt,Female,57.34.5.241
174,Revkah,2019-03-03 07:39:19,Constance,Female,255.57.52.147
175,Gerta,2018-10-02 22:27:07,Breawood,Female,49.0.204.219
176,Major,2019-04-30 22:53:09,Boud,Male,220.23.34.73
177,Durand,2019-04-05 03:03:08,Spavon,Male,157.159.77.219
178,Jule,2019-07-08 11:54:20,Clayal,Male,227.57.74.115
179,Darill,2018-12-04 00:26:53,Cuttelar,Male,18.30.16.74
180,Starr,2018-11-19 08:07:34,Alsop,Female,141.98.115.36
181,Drona,2019-01-31 18:53:24,Stonhouse,Female,244.221.188.61
182,Amby,2018-11-01 20:10:04,Gendricke,Male,181.8.118.118
183,Rochella,2019-07-14 00:50:34,Francioli,Female,99.112.26.80
184,Eddie,2019-05-27 20:00:33,Noulton,Female,115.13.77.179
185,Fletch,2018-09-23 12:11:39,Voce,Male,231.179.225.65
186,Renelle,2019-07-21 12:16:17,Poinsett,Female,11.208.134.193
187,Pen,2019-06-14 21:13:19,Rebanks,Female,67.119.213.154
188,Everard,2018-11-26 13:22:21,Yarr,Male,5.98.159.132
189,Bryana,2018-08-20 02:44:38,Poolton,Female,207.192.99.155
190,Claudell,2019-02-23 13:15:59,Ambroziak,Male,30.78.70.143
191,Beret,2019-06-05 18:47:25,Ogden,Female,53.229.98.167
192,Haven,2019-02-05 10:28:20,Du Hamel,Male,108.64.55.133
193,Jack,2019-06-27 15:46:58,Etheridge,Male,120.136.218.197
194,Domenico,2018-12-13 07:05:46,Ovell,Male,3.191.228.153
195,Annaliese,2018-10-10 10:13:00,McAlroy,Female,174.135.25.29
196,Goldy,2018-08-15 01:16:28,Gilstin,Female,114.231.219.177
197,Cozmo,2019-01-28 01:49:28,Plester,Male,14.241.29.194
198,Marilee,2019-01-22 22:24:27,Tooke,Female,113.254.26.253
199,Jany,2018-11-09 09:59:39,Ghilardini,Female,253.10.21.168
200,Arturo,2019-03-30 19:42:20,Philpott,Male,17.208.156.170
201,Jenelle,2019-06-19 18:46:13,Gollop,Female,79.229.251.231
202,Ruth,2018-08-14 02:06:14,Steptowe,Female,148.41.129.43
203,Elise,2019-05-08 23:38:55,Dickerline,Female,152.194.140.125
204,Kissiah,2019-08-06 18:35:41,Coveney,Female,4.102.148.83
205,Yelena,2019-05-21 14:19:04,Keane,Female,209.183.206.158
206,Marjory,2019-07-31 04:16:10,Kimm,Female,14.208.221.75
207,Lindy,2018-10-05 01:36:18,Wholesworth,Female,204.135.186.246
208,Kip,2019-03-15 08:50:05,Wholesworth,Male,252.43.234.253
209,Nerte,2019-03-23 19:01:54,Burriss,Female,3.200.136.50
210,Justis,2019-06-09 04:00:32,Jikylls,Male,29.101.14.116
211,Maurizia,2018-09-25 00:16:05,Sheward,Female,80.242.94.81
212,Ephraim,2018-12-19 04:01:00,Draayer,Male,170.0.202.194
213,Tony,2019-04-07 14:37:42,Bottini,Male,249.77.161.230
214,Shell,2019-02-14 11:40:00,Aspital,Female,17.142.84.227
215,Bathsheba,2019-05-29 00:23:45,Gloucester,Female,199.82.0.152
216,Barret,2019-05-15 02:55:04,Wilacot,Male,247.151.189.90
217,Jillayne,2019-06-30 09:35:55,Bende,Female,71.218.13.67
218,Joice,2019-03-08 15:26:04,Ingle,Female,246.216.194.155
219,Amaleta,2018-10-31 22:26:20,Furness,Female,173.98.115.168
220,Farrand,2018-09-22 02:22:43,Kilbey,Female,204.234.156.228
221,Alfonso,2019-06-04 04:25:09,Shuard,Male,82.61.104.12
222,Bobbette,2018-09-14 11:48:31,Palin,Female,112.79.96.24
223,Maire,2019-04-13 02:13:35,Dudny,Female,13.0.127.80
224,Chaunce,2018-12-05 01:44:18,Robarts,Male,82.31.81.59
225,Armando,2018-11-30 00:43:31,Andrichak,Male,191.44.243.220
226,Kandace,2019-08-10 07:42:19,Hardern,Female,210.109.96.33
227,Win,2019-01-30 11:57:32,Cardello,Male,224.253.48.59
228,Charissa,2018-12-10 01:53:41,Traite,Female,53.81.73.215
229,Xenia,2019-04-24 14:16:01,Fearne,Female,181.56.173.209
230,Aggie,2018-10-27 23:12:49,Sabater,Female,198.145.101.246
231,Corabelle,2018-09-20 10:47:31,Hawkins,Female,136.112.141.45
232,Sanson,2019-03-03 11:20:11,Lisett,Male,100.229.159.218
233,Patrica,2019-04-29 14:54:18,Malarkey,Female,248.160.38.153
234,Karyl,2019-04-29 05:50:59,Visco,Female,156.89.59.59
235,Jilleen,2018-09-18 16:45:43,Simakov,Female,219.126.240.25
236,Shelby,2018-09-07 15:36:16,Brookwood,Female,237.13.43.3
237,Antons,2019-07-26 23:46:31,Givens,Male,113.165.75.162
238,Stevy,2019-01-15 18:17:37,Jupe,Male,106.14.215.212
239,Morgun,2019-07-26 21:59:50,Butner,Male,205.213.182.247
240,Tani,2018-10-03 05:28:49,Longworthy,Female,8.1.50.178
241,Kirk,2019-07-15 12:22:54,Wren,Male,74.111.204.32
242,Quintus,2019-01-14 23:21:34,Aughton,Male,194.187.237.209
243,Roxi,2019-08-04 08:15:12,Durrad,Female,194.76.139.162
244,Deck,2019-01-29 09:01:01,Curbishley,Male,3.1.97.52
245,Lawrence,2018-09-14 07:00:24,Boniface,Male,165.75.36.10
246,Di,2019-05-17 22:47:33,Challinor,Female,27.97.174.218
247,Ernesto,2019-05-03 05:28:25,Hughson,Male,142.0.237.102
248,Mallory,2019-05-06 23:26:42,Beeho,Male,33.195.123.60
249,Mitchell,2019-01-16 14:33:26,Stelljes,Male,59.240.7.253
250,Kingsly,2018-11-30 06:08:24,Burles,Male,111.171.169.2
251,Emera,2019-02-11 03:59:54,April,Female,107.203.126.190
252,Reinhard,2019-06-05 00:32:25,Roll,Male,153.177.17.98
253,Byrom,2019-04-30 21:56:21,Noteyoung,Male,102.10.56.130
254,Elbert,2019-08-07 03:54:03,Aberkirder,Male,58.98.240.202
255,Eugenius,2018-12-05 22:28:57,Circuitt,Male,146.39.114.102
256,Oates,2019-05-21 14:47:53,Ennor,Male,255.255.207.241
257,Ermin,2018-09-12 02:14:29,Jennemann,Male,22.254.132.124
258,Fayth,2019-04-01 09:23:56,Sloey,Female,232.54.215.93
259,Nola,2018-09-05 03:44:50,Gavozzi,Female,42.222.189.78
260,Ingram,2019-07-08 14:28:29,Sheavills,Male,145.189.70.23
261,Riordan,2018-09-15 11:37:00,Tzuker,Male,145.120.87.218
262,Kristel,2018-08-26 14:29:15,Calfe,Female,189.80.15.103
263,Maxi,2018-11-26 07:13:03,Haskins,Female,18.181.91.91
264,Emmerich,2019-04-30 19:31:24,Bere,Male,86.34.131.231
265,Trula,2018-10-10 10:57:52,Itzig,Female,200.251.52.125
266,Lucais,2018-10-26 01:55:58,Chalfain,Male,0.77.210.205
267,Bailey,2018-10-25 15:36:54,Pessold,Male,107.177.165.177
268,Ad,2019-08-02 08:24:33,Lawleff,Male,46.171.218.62
269,Waldon,2019-01-17 21:43:30,Brunner,Male,46.115.83.82
270,Lenci,2019-05-03 03:51:01,MacVagh,Male,114.77.78.75
271,Derron,2019-04-08 14:30:07,Redmond,Male,72.70.140.106
272,Adiana,2019-03-01 22:12:50,McCarty,Female,219.58.22.75
273,Jonas,2019-06-19 15:36:08,Aland,Male,63.79.103.47
274,Brittne,2019-03-12 01:37:39,Stollberger,Female,179.105.9.117
275,Barby,2019-04-21 04:12:57,Kitchingman,Female,226.168.57.106
276,Kaycee,2019-08-02 18:01:07,Reisenstein,Female,176.246.62.116
277,Oliviero,2019-02-20 02:09:28,Peart,Male,79.167.156.139
278,Natalya,2019-06-04 14:41:51,Leggen,Female,79.113.86.117
279,Gabriela,2018-12-24 16:20:37,Lapham,Female,118.115.153.191
280,Godart,2019-01-08 08:19:13,Fonteyne,Male,93.224.245.196
281,Miguel,2019-03-24 03:54:50,Pering,Male,5.212.133.170
282,Suzie,2018-10-19 06:42:17,Binyon,Female,202.249.171.226
283,Hermione,2019-03-12 01:20:00,Shawe,Female,35.238.44.97
284,Felizio,2019-07-05 16:44:30,Trenear,Male,215.249.9.53
285,Sherye,2019-01-16 13:23:49,Dodimead,Female,11.8.51.196
286,Marigold,2019-04-15 16:02:38,Lillicrap,Female,110.33.98.183
287,Arda,2019-06-01 04:53:48,Audas,Female,231.182.137.225
288,Jesse,2018-12-31 07:08:22,Cosgry,Male,104.123.103.162
289,Ingar,2019-06-09 10:28:39,Cobbin,Male,241.2.166.154
290,Kristan,2018-10-21 00:52:56,Shotter,Female,218.150.145.102
291,Angelita,2019-05-04 12:24:54,Fulle,Female,151.220.89.138
292,Lethia,2019-03-14 19:14:44,Tregien,Female,180.164.93.137
293,Roxanna,2019-07-18 06:30:24,Flott,Female,143.159.236.91
294,Armando,2019-01-21 01:52:56,Badcock,Male,50.141.196.124
295,Ramsay,2018-10-02 08:11:15,Aaronson,Male,228.89.26.238
296,Eadith,2019-07-07 13:00:10,Chawner,Female,193.58.222.67
297,Massimiliano,2019-01-14 22:20:18,Kerins,Male,65.180.76.166
298,Mabelle,2019-06-16 15:19:22,Gallant,Female,239.150.67.82
299,Theobald,2018-10-17 16:37:05,Tabrett,Male,166.252.242.93
300,Barthel,2019-02-04 18:26:27,Lenden,Male,146.14.239.40
301,Orson,2019-07-23 01:00:19,Hughson,Male,172.173.37.69
302,Tymothy,2018-10-19 19:33:20,Boldecke,Male,35.249.149.59
303,Yule,2019-01-29 01:13:19,Showers,Male,197.172.180.219
304,Alika,2018-12-20 14:31:21,Coche,Female,16.54.254.77
305,Gnni,2019-03-22 22:36:50,Castanho,Female,205.34.198.110
306,Teodora,2018-09-07 09:35:56,Gabbatiss,Female,250.199.24.242
307,Ewen,2018-11-08 11:09:53,Gunningham,Male,242.40.98.181
308,Gery,2019-07-24 18:05:41,Brice,Male,192.17.110.53
309,Glynis,2019-01-09 16:15:36,Benedit,Female,115.140.252.119
310,Merrielle,2019-02-15 23:18:10,Babst,Female,47.101.169.44
311,Florian,2019-03-28 00:23:06,Shrawley,Male,7.180.235.217
312,Reginald,2019-06-09 04:12:42,Piddington,Male,24.147.239.70
313,Sim,2019-08-08 05:03:58,Gronaller,Male,112.143.130.255
314,Freddy,2018-11-18 19:06:07,Simao,Female,250.102.11.18
315,Wade,2019-07-04 10:42:38,Grahame,Male,119.61.133.128
316,Lorens,2019-08-10 15:17:27,Cocke,Male,227.97.231.204
317,Vonnie,2018-12-27 08:57:20,Udall,Female,66.77.193.201
318,Elladine,2018-09-07 16:46:43,Boyne,Female,180.197.171.113
319,Arlyne,2019-03-11 01:01:14,Ruddy,Female,73.121.76.58
320,Petr,2019-02-08 17:36:04,Filip,Male,243.159.69.87
321,Philippa,2019-04-23 08:53:02,Chinnock,Female,96.46.62.61
322,Elnora,2018-10-06 02:52:24,Varnam,Female,244.73.185.145
323,Winifred,2018-11-21 12:09:17,McKerrow,Female,197.255.238.164
324,Marlo,2019-06-21 09:47:21,De Moreno,Female,246.208.76.86
325,Serene,2019-07-08 09:51:15,Dunan,Female,215.31.208.199
326,Dianna,2018-12-24 08:10:58,Meachan,Female,18.170.52.103
327,Tanitansy,2019-04-26 19:44:32,Banes,Female,86.65.155.74
328,Sophi,2018-11-12 04:25:41,Wackett,Female,34.233.110.80
329,Annabela,2018-08-20 07:23:29,Ragate,Female,20.80.184.83
330,Cristin,2019-05-23 18:10:37,Evert,Female,106.108.247.33
331,Augusto,2018-11-02 00:08:34,Letty,Male,67.91.251.20
332,Cheston,2018-08-18 23:52:26,Stairs,Male,150.199.159.40
333,Doy,2019-03-16 22:28:19,Reims,Male,133.133.229.146
334,Sadella,2019-05-20 00:22:15,Harrower,Female,224.199.131.102
335,Adora,2018-08-21 17:02:23,Culleton,Female,47.78.26.47
336,Felix,2019-04-21 11:08:28,Goullee,Male,33.46.126.17
337,Haroun,2019-05-22 23:47:51,Chaplin,Male,101.121.55.44
338,Pieter,2018-12-26 14:51:51,Whyte,Male,162.127.106.167
339,Maribelle,2019-04-17 23:48:28,Van der Beken,Female,206.219.207.151
340,Molly,2019-04-17 07:05:00,Blandford,Female,226.112.96.108
341,Cordy,2019-05-04 02:18:29,Atkin,Female,195.248.90.40
342,Karalee,2019-04-07 15:40:39,Lashmar,Female,125.111.149.180
343,Boyce,2018-12-12 17:12:35,Wiggam,Male,214.72.76.170
344,Kevin,2019-01-05 23:47:41,Maunders,Male,65.185.84.84
345,Marylynne,2019-06-16 03:32:19,Buxsey,Female,63.55.203.224
346,Barbey,2018-11-23 04:31:11,Jorden,Female,115.148.116.241
347,Bogey,2019-07-29 11:39:50,Trundell,Male,47.167.52.15
348,Zena,2019-03-06 12:03:08,Hawken,Female,13.62.74.0
349,Appolonia,2018-09-28 09:26:01,Battle,Female,212.240.251.171
350,Lyn,2018-09-18 13:59:14,Warrington,Male,126.235.172.217
351,Kylie,2019-03-25 10:12:05,Caplan,Male,161.134.137.60
352,Lombard,2018-12-10 00:22:41,Skahill,Male,217.42.53.6
353,Natala,2019-03-12 15:47:39,Georgescu,Female,161.92.1.144
354,Donnamarie,2018-10-05 23:40:37,Habens,Female,54.41.250.107
355,Phaedra,2019-07-02 03:08:57,Kelsall,Female,0.142.49.68
356,Misha,2019-05-01 13:29:07,Griffoen,Female,185.154.250.109
357,Doretta,2019-05-10 18:02:16,Lepope,Female,103.25.86.39
358,Arie,2018-10-18 19:57:20,Capaldi,Male,169.46.70.98
359,Rancell,2018-10-22 11:01:07,Bartlomieczak,Male,78.43.82.50
360,Hy,2018-12-21 20:07:28,Stratiff,Male,176.253.169.60
361,Essy,2018-12-31 03:03:45,Reaman,Female,70.132.26.34
362,Anthiathia,2019-07-08 19:19:04,Torrance,Female,126.40.145.50
363,Earlie,2018-11-11 13:28:00,Ferrieres,Male,103.163.112.56
364,Robert,2019-02-09 10:05:57,Donnison,Male,133.185.237.136
365,Lorianna,2019-03-07 03:44:37,Cicutto,Female,120.70.174.245
366,Blake,2019-06-18 10:44:46,Crickmer,Male,70.48.1.165
367,Linoel,2019-06-17 05:29:04,Hawson,Male,197.155.148.123
368,Stafford,2019-05-01 14:50:27,Kienle,Male,152.161.209.80
369,Jillana,2018-09-23 14:48:17,Lillo,Female,22.149.65.190
370,Alie,2018-12-17 02:40:08,Henighan,Female,114.201.209.171
371,Ulises,2018-10-27 14:14:26,Roscow,Male,205.28.82.11
372,Skelly,2019-02-04 15:37:55,Penwright,Male,130.61.2.81
373,Felizio,2018-09-06 22:05:43,Plaskett,Male,116.57.147.199
374,Alysia,2018-11-15 07:49:17,Chalcroft,Female,245.103.3.148
375,Corrianne,2019-04-01 03:46:03,Lisimore,Female,222.236.25.96
376,Reilly,2019-08-08 02:38:23,O'Cullen,Male,155.62.253.131
377,Derry,2018-12-31 14:18:00,Luxford,Male,182.134.50.223
378,Carlita,2019-02-21 04:10:21,Krol,Female,134.209.50.201
379,Ardra,2019-06-23 22:14:47,Putton,Female,107.35.235.77
380,Hector,2019-02-19 19:10:41,Gerrelts,Male,202.251.206.152
381,Rozella,2018-09-12 23:25:25,Biasotti,Female,80.85.57.239
382,Nydia,2018-10-09 19:38:09,Steffan,Female,106.18.170.184
383,Binnie,2018-08-31 03:14:58,Caress,Female,239.166.64.14
384,Lind,2018-10-25 04:20:28,Edmunds,Male,73.60.70.25
385,Anny,2018-10-24 09:27:19,Stife,Female,135.8.147.67
386,Row,2018-08-25 18:44:35,Fane,Female,95.106.235.25
387,Daryl,2018-09-01 13:55:08,Dudeney,Female,136.250.62.228
388,Paulina,2019-01-25 22:18:00,Linham,Female,38.110.35.186
389,Taylor,2018-12-26 13:23:58,McCreery,Male,47.174.158.198
390,Ruthanne,2018-08-25 11:54:42,Moscrop,Female,178.89.199.225
391,Iseabal,2019-07-26 15:10:10,Kerins,Female,133.110.239.244
392,Brett,2019-01-27 03:35:07,Guilliland,Female,197.137.173.35
393,Warden,2019-07-31 05:17:16,Bettesworth,Male,153.9.90.109
394,Darcie,2019-07-03 05:39:03,Verduin,Female,152.16.219.26
395,Jeramie,2019-05-05 09:13:27,Mackie,Male,39.99.202.244
396,Heath,2019-07-06 04:54:23,Munro,Male,164.7.251.30
397,Adrianna,2019-03-09 05:59:21,Setterfield,Female,18.17.71.74
398,Ingamar,2019-02-06 17:00:01,Harly,Male,59.78.65.136
399,Maryjane,2018-11-01 08:35:38,Shoorbrooke,Female,78.155.32.63
400,Harman,2019-05-20 14:45:45,Rosenhaupt,Male,178.194.169.26
401,Theo,2019-03-13 01:40:17,Flanner,Female,94.98.24.97
402,Jorgan,2018-08-18 23:40:49,Assaf,Male,167.121.112.190
403,Sayre,2019-07-29 00:56:38,Spehr,Female,135.60.136.241
404,Lyn,2018-10-08 11:43:37,Vlahos,Female,1.168.58.106
405,Lynna,2018-11-25 22:22:37,Darbishire,Female,149.160.17.184
406,Darn,2019-07-23 04:36:38,Machans,Male,247.225.134.85
407,Kiley,2019-04-10 13:24:28,Eacott,Female,112.228.248.239
408,Latashia,2018-10-01 17:54:52,Kybird,Female,63.127.44.31
409,Yelena,2019-07-07 08:33:49,Grundy,Female,183.247.59.209
410,Tiffanie,2018-11-27 15:25:31,Le Monnier,Female,20.97.178.62
411,Barn,2018-10-23 17:50:52,Wawer,Male,127.95.54.95
412,Madel,2018-12-25 20:26:48,Dacres,Female,208.235.127.8
413,Phillipe,2019-02-12 10:12:16,Ramberg,Male,128.163.19.93
414,Farrand,2019-03-09 16:31:07,Tilsley,Female,42.100.103.92
415,Weber,2018-10-16 12:09:54,Wetherick,Male,204.122.170.224
416,Franny,2019-05-17 07:47:38,Cromarty,Male,128.200.187.247
417,Helsa,2019-05-18 13:19:53,Domenc,Female,248.86.113.231
418,Denna,2018-12-14 22:24:02,Critchell,Female,73.9.253.147
419,Demott,2019-02-25 03:59:40,Kitchin,Male,105.155.12.32
420,Bruce,2019-03-16 21:26:29,Uden,Male,166.103.143.149
421,Suki,2019-05-12 08:00:27,Glover,Female,241.138.9.204
422,Baxter,2018-11-01 02:23:47,Foddy,Male,189.252.44.135
423,Cathy,2018-11-12 23:49:32,Vatcher,Female,7.14.248.100
424,Ambros,2019-01-07 02:39:17,Jeacock,Male,241.83.150.7
425,Desmond,2018-11-15 03:47:29,Bulpitt,Male,73.165.11.220
426,Vitoria,2019-06-08 04:11:26,Soares,Female,237.221.187.238
427,Franklyn,2019-06-15 08:44:32,Saylor,Male,201.225.145.35
428,Man,2019-01-14 20:56:33,Dronsfield,Male,47.17.95.81
429,Taylor,2018-11-06 11:54:26,Bortoli,Male,5.108.223.78
430,Josi,2019-05-21 07:31:18,Thackwray,Female,103.239.219.40
431,Logan,2018-12-19 11:13:32,Schollar,Male,247.197.193.60
432,Bev,2019-04-20 07:57:55,Moynihan,Male,220.160.16.68
433,Ibrahim,2018-12-02 06:49:11,Stolze,Male,174.111.52.249
434,Erny,2019-06-02 16:58:46,Casarili,Male,193.104.112.44
435,Caron,2019-04-14 12:54:26,Casement,Female,157.232.207.249
436,Piggy,2019-06-18 16:32:36,Alliot,Male,190.13.159.211
437,Randall,2018-11-12 21:44:32,Gooderson,Male,181.93.219.78
438,Kienan,2018-08-28 23:14:31,Dikles,Male,173.201.109.174
439,Brandy,2019-01-22 04:10:33,Beggi,Female,167.130.141.228
440,Michelina,2018-11-22 01:40:58,Paley,Female,34.157.35.159
441,Balduin,2019-04-24 23:04:43,Lautie,Male,174.146.203.92
442,Glynis,2019-05-30 05:55:32,Kelston,Female,9.121.61.135
443,Darice,2018-08-20 12:18:48,Ockwell,Female,9.64.244.106
444,Korie,2019-05-04 10:10:49,Chadwyck,Female,42.25.56.159
445,Alaster,2019-06-09 15:47:01,Andrioli,Male,132.165.39.61
446,Garrick,2018-08-18 01:42:38,Willetts,Male,132.89.133.168
447,Nolly,2019-06-05 21:58:27,Lansberry,Male,213.39.39.211
448,Bordy,2018-12-28 21:58:19,Carnow,Male,20.55.90.75
449,Callida,2019-02-06 04:17:12,MacWhan,Female,225.20.64.127
450,Briant,2018-08-22 09:44:38,Turbitt,Male,243.51.96.140
451,Alecia,2019-05-28 17:25:01,Marmon,Female,181.33.228.16
452,Nickie,2019-02-18 02:22:31,Moughtin,Male,196.90.131.67
453,Eldridge,2019-06-01 20:04:01,Ponting,Male,51.234.108.133
454,Kyle,2019-04-21 05:20:56,Gravett,Female,125.9.25.240
455,Theodosia,2018-11-25 07:02:15,Bourtoumieux,Female,245.250.138.205
456,Jenine,2019-03-11 06:19:28,Lent,Female,210.154.238.178
457,Binni,2018-10-26 04:28:10,Karet,Female,98.182.227.79
458,Den,2019-03-01 00:53:52,Matyushonok,Male,189.200.21.58
459,Kelsey,2019-04-24 23:52:39,Hamlet,Male,181.52.240.176
460,Clayson,2018-12-31 12:31:25,Moseley,Male,89.196.81.111
461,Nicko,2018-08-15 11:57:41,Otter,Male,94.11.56.196
462,Viva,2019-02-20 05:04:52,Hull,Female,104.244.153.253
463,Shaughn,2019-03-31 11:15:42,Ashbe,Male,191.155.114.108
464,Klemens,2018-11-19 00:15:16,Doggrell,Male,83.77.56.143
465,Ethelda,2019-06-12 18:50:43,Slowcock,Female,167.36.226.72
466,Skipper,2019-07-27 01:13:40,Vynehall,Male,202.181.218.145
467,Imogene,2019-05-27 10:51:09,Ilyushkin,Female,117.157.87.113
468,Maison,2019-03-23 08:05:18,Glauber,Male,37.240.38.156
469,Angelita,2019-06-23 18:55:24,Liddel,Female,181.214.155.161
470,Mag,2018-11-13 19:59:34,Linning,Female,223.83.83.17
471,Aubrette,2019-03-09 12:13:18,Duncombe,Female,82.12.96.124
472,Andie,2019-04-20 22:54:28,Radsdale,Male,113.84.95.59
473,Evelyn,2019-08-03 23:39:17,Gorwood,Male,1.245.9.231
474,Bruce,2019-05-21 12:16:29,Clubb,Male,195.202.152.221
475,Mayne,2019-07-02 15:43:54,Straniero,Male,225.72.29.141
476,Deeann,2019-04-06 22:10:28,Gill,Female,240.89.125.236
477,Davis,2019-02-03 11:38:15,Beetlestone,Male,29.4.115.64
478,Jervis,2019-04-12 20:57:26,Dallicott,Male,90.29.51.65
479,Nico,2019-05-22 02:54:32,Andric,Male,109.94.184.196
480,Reiko,2018-09-09 09:54:26,Brehaut,Female,218.146.205.251
481,Alanna,2019-02-02 05:13:21,Tallach,Female,161.223.114.58
482,Lancelot,2019-02-07 13:13:54,Crossland,Male,83.248.41.74
483,Lynne,2018-11-07 00:42:21,Weinham,Female,5.165.35.240
484,Travus,2019-07-28 17:03:09,Roebuck,Male,207.192.172.147
485,Gustave,2018-12-10 07:19:51,Audus,Male,142.30.204.124
486,Gabriell,2019-05-18 16:16:00,Cicerone,Female,255.83.207.241
487,Nappy,2019-07-17 08:12:02,Fairham,Male,99.84.65.211
488,Gawain,2019-04-03 06:58:45,Cradoc,Male,218.243.149.90
489,Alex,2019-05-26 19:01:25,Durn,Male,13.153.221.207
490,Cassy,2018-12-03 21:44:21,Piggens,Female,13.197.91.110
491,Jae,2019-07-07 21:41:00,Fritche,Male,134.239.89.177
492,Lacee,2019-08-12 12:01:58,Watson,Female,204.55.19.37
493,Clarissa,2018-09-19 19:21:30,Cookson,Female,84.24.22.106
494,Marrilee,2019-03-15 16:50:15,Cossins,Female,172.33.96.99
495,Khalil,2019-06-21 06:55:30,Moffat,Male,121.190.114.233
496,Andria,2018-09-24 21:09:49,Oliffe,Female,39.6.70.105
497,Forrester,2019-02-12 00:58:24,Waulker,Male,211.216.10.234
498,Francesca,2019-03-17 11:02:05,Gonzales,Female,242.160.204.186
499,Simone,2018-08-27 22:24:12,Knevett,Female,155.125.92.219
500,Vicky,2018-12-18 21:51:51,Jovasevic,Female,152.34.98.123
501,Geordie,2018-12-27 06:45:22,Ellacott,Male,4.240.136.87
502,Winnie,2019-07-31 00:31:30,Baudts,Male,177.237.138.227
503,Anastasia,2019-03-29 17:23:54,Brodest,Female,30.149.10.201
504,Eloise,2018-11-29 07:29:34,Cantu,Female,233.194.184.211
505,Mata,2018-12-20 20:06:33,Deinhard,Male,123.185.89.197
506,Merna,2018-09-14 16:38:55,Tabert,Female,117.12.143.249
507,Arlen,2019-04-15 12:44:42,Goodwin,Female,51.99.100.63
508,Fabien,2018-10-22 00:22:18,Townend,Male,252.201.254.246
509,Marita,2019-03-17 16:30:29,Mablestone,Female,83.8.66.115
510,Rosco,2019-04-04 19:50:42,Thomazin,Male,70.120.113.60
511,Ulrich,2019-01-09 15:12:54,Housen,Male,252.37.57.240
512,Alyson,2019-07-03 16:48:15,Billows,Female,212.213.75.160
513,Nara,2019-06-15 23:51:04,Minogue,Female,210.107.7.82
514,Beniamino,2018-09-19 04:44:14,Coverdale,Male,145.32.242.21
515,Carola,2018-10-20 15:19:59,Meaddowcroft,Female,97.183.11.115
516,Amalee,2019-04-09 02:40:15,Stoven,Female,10.153.37.46
517,Wendel,2018-09-01 00:09:55,Plaide,Male,224.68.119.5
518,Sheridan,2018-12-06 14:18:15,Riddlesden,Male,25.42.59.165
519,Travis,2018-11-19 05:36:04,Moggie,Male,99.166.88.60
520,Renee,2018-12-23 01:25:19,Mattholie,Female,22.231.131.211
521,Claresta,2019-06-09 15:13:07,Ragg,Female,204.13.110.120
522,Correy,2019-03-29 10:17:40,Sokill,Female,238.150.67.184
523,Reinald,2019-07-24 12:44:24,Fonteyne,Male,154.17.160.158
524,Boycie,2019-07-28 04:07:00,Porter,Male,186.162.216.132
525,Otto,2018-12-25 17:41:18,Spitaro,Male,231.72.201.84
526,Suzy,2018-12-21 00:33:24,Mullard,Female,187.203.166.221
527,Norbert,2019-05-09 18:56:56,Cluley,Male,127.127.122.58
528,Alon,2018-11-08 10:06:20,Kabsch,Male,229.161.91.176
529,Loy,2018-11-21 05:13:14,Hof,Male,49.34.130.159
530,Kerrill,2019-06-18 00:28:56,Bockett,Female,124.126.1.69
531,Chrystel,2019-04-11 09:40:20,Weatherley,Female,245.85.251.237
532,Josepha,2018-08-16 14:15:04,Clever,Female,59.114.5.11
533,Lynn,2018-12-28 05:47:12,Renoden,Female,128.83.179.96
534,Merrili,2019-03-10 15:07:50,Ollarenshaw,Female,182.62.5.2
535,Harlene,2018-11-20 06:08:51,Jirek,Female,185.226.228.154
536,Zsazsa,2018-12-18 08:18:11,Harrington,Female,205.105.55.160
537,Blondy,2018-08-19 17:44:32,Zamudio,Female,78.86.140.154
538,Burton,2019-05-03 17:23:54,Lucken,Male,89.139.0.158
539,Lida,2019-06-22 07:57:33,Hurdiss,Female,15.187.67.148
540,Hadlee,2019-04-02 20:51:01,Glewe,Male,55.18.224.28
541,Brendan,2018-08-16 18:45:27,Andrag,Male,32.57.67.235
542,Mitch,2018-10-20 19:27:42,Loyd,Male,0.71.171.46
543,Jefferson,2019-05-16 00:38:00,Leachman,Male,37.78.59.51
544,Mel,2019-05-28 22:48:47,Caile,Male,122.217.56.52
545,Aili,2019-05-12 21:02:10,Dunster,Female,223.63.144.77
546,Uri,2019-07-06 22:38:01,Cargill,Male,59.57.103.150
547,Court,2019-02-20 09:14:26,Grund,Male,44.47.170.21
548,Hollie,2018-10-14 05:11:47,Pinner,Female,55.142.178.146
549,Brittney,2018-09-30 16:13:33,Zeplin,Female,128.24.90.103
550,Reynolds,2019-01-23 20:30:14,Chifney,Male,100.181.213.26
551,Mallory,2019-01-16 22:12:34,Minto,Female,67.144.102.68
552,Bren,2019-01-28 13:19:32,Bellsham,Male,88.222.217.159
553,Erl,2019-01-20 21:40:52,Reagan,Male,145.251.95.132
554,Allison,2018-12-19 10:19:21,Lester,Female,116.21.24.63
555,Kinny,2019-04-11 08:44:15,Shotton,Male,202.188.38.249
556,Lillis,2018-12-06 11:32:27,Tother,Female,43.247.102.218
557,Bordy,2019-07-28 09:09:14,Hartropp,Male,146.82.244.233
558,Brewster,2018-08-20 14:18:49,Gerkens,Male,58.238.112.236
559,Symon,2019-04-23 21:18:20,Agastina,Male,209.139.64.233
560,Ailsun,2019-01-29 18:50:08,Briggs,Female,200.214.209.186
561,Olivia,2019-04-16 20:53:30,Matheson,Female,250.103.190.234
562,Leicester,2019-04-17 01:02:13,Moral,Male,112.121.23.198
563,Gwendolin,2019-03-09 07:26:56,McUre,Female,192.206.234.57
564,Brenna,2018-09-17 13:15:44,Trenholme,Female,41.45.88.213
565,Nita,2018-10-05 17:45:44,Goard,Female,102.37.78.9
566,Aurora,2019-01-28 09:17:46,Cancutt,Female,111.148.208.25
567,Branden,2019-05-04 08:01:42,Dumbrill,Male,51.112.113.238
568,Carmel,2018-11-16 00:15:14,Brasier,Female,25.104.211.237
569,Dominica,2019-03-24 22:19:00,Jzhakov,Female,32.248.172.101
570,Gerard,2018-08-29 08:38:38,oldey,Male,188.85.35.125
571,Meryl,2019-05-12 21:01:37,Simoneton,Female,158.117.225.115
572,Ardys,2019-05-27 09:17:07,Leaf,Female,255.209.196.52
573,Gabriel,2019-01-17 12:44:25,Fretwell,Female,49.198.72.149
574,Umberto,2018-08-23 15:01:46,Edgler,Male,134.30.241.147
575,Misti,2018-11-07 23:48:26,Targe,Female,57.251.96.43
576,Boyce,2018-12-14 06:37:43,Coaker,Male,39.115.79.14
577,Jeremias,2018-09-02 07:44:08,Tummond,Male,148.171.211.106
578,Salvador,2018-12-13 08:54:56,MacRory,Male,108.131.123.75
579,Deerdre,2018-10-01 01:59:53,Robertson,Female,137.74.78.8
580,Jacintha,2019-02-19 04:14:57,Melin,Female,243.35.64.31
581,Thedrick,2019-05-24 02:59:26,Birkenhead,Male,234.255.248.250
582,Cherida,2019-06-09 12:16:03,Haysham,Female,160.156.146.99
583,Misti,2018-10-13 03:24:11,Lanfere,Female,225.77.187.82
584,Ernie,2018-10-31 13:30:41,Tremeer,Male,226.200.236.172
585,Haywood,2019-07-19 20:49:12,Winsborrow,Male,184.146.84.65
586,Jacquetta,2018-10-30 10:11:43,Pert,Female,166.44.180.18
587,Glynnis,2019-06-26 03:42:18,Bulcock,Female,241.255.149.210
588,Samuel,2018-11-07 15:25:24,Ayer,Male,48.185.10.40
589,Garek,2018-09-29 02:06:02,Manna,Male,14.82.68.83
590,Woodrow,2019-04-19 23:17:52,Kaszper,Male,15.199.21.73
591,Luciano,2019-02-12 12:36:28,Donativo,Male,181.112.106.129
592,Muire,2019-02-03 15:42:08,Whyffen,Female,86.124.187.25
593,Claudell,2019-07-17 15:00:11,Pilbury,Male,26.51.25.147
594,Burt,2019-07-18 06:28:19,Southall,Male,165.177.43.138
595,Gelya,2019-06-23 08:41:24,Bauldrey,Female,220.121.243.110
596,Merry,2018-11-07 13:20:59,Oakenford,Female,247.225.221.26
597,Aurelie,2019-03-26 18:40:56,Christy,Female,61.121.53.144
598,Chrystal,2019-07-19 06:45:50,Billam,Female,229.146.247.19
599,Joseito,2019-07-25 19:15:29,Abrahams,Male,126.175.206.14
600,Fitzgerald,2018-12-05 02:36:25,Larwell,Male,201.166.17.173
601,Velma,2018-12-21 18:46:26,Obin,Female,100.182.201.126
602,Eadith,2019-01-11 13:38:58,Rosas,Female,194.75.240.46
603,Annmarie,2018-10-05 21:20:08,Tirrey,Female,2.65.23.46
604,Guglielma,2019-07-22 08:08:05,Rojahn,Female,89.6.44.172
605,Jere,2018-08-15 06:15:29,Wintour,Male,144.15.240.167
606,Nowell,2019-04-02 05:21:47,Dalzell,Male,121.229.29.104
607,Derry,2018-08-16 14:37:52,Astupenas,Male,14.91.210.36
608,Pyotr,2019-05-19 22:55:29,Bonnar,Male,195.223.149.124
609,Lynett,2019-05-28 09:05:54,Hearnah,Female,82.241.53.80
610,Bryce,2019-04-26 22:09:44,Seville,Male,88.121.14.242
611,Malinde,2018-11-11 06:18:10,Popeley,Female,30.219.113.184
612,Gaye,2019-06-11 17:54:52,Clemmen,Female,251.179.164.77
613,Inger,2019-07-22 09:37:50,Goodfellowe,Female,163.22.255.245
614,Anatol,2018-08-21 01:55:03,Laborda,Male,24.2.188.47
615,Lina,2018-08-21 12:16:49,Brockhouse,Female,198.112.180.161
616,Brady,2018-11-04 03:23:49,Saddleton,Male,227.104.153.174
617,Louisa,2019-07-15 20:56:05,Inmett,Female,92.216.215.81
618,Edin,2019-02-11 11:38:24,Petruskevich,Female,112.153.32.137
619,Daron,2018-10-30 11:18:42,Glidder,Female,145.173.243.162
620,Darcee,2019-06-01 04:55:57,Poel,Female,222.21.156.35
621,Alford,2018-11-21 14:37:27,Farlane,Male,72.87.198.248
622,Teresa,2018-09-22 10:18:33,Filer,Female,253.217.182.34
623,Dean,2019-06-26 14:28:43,Harbach,Male,38.55.17.148
624,Kassie,2018-10-25 10:16:47,Morillas,Female,114.150.188.62
625,Illa,2019-07-26 20:21:51,Gerlts,Female,202.80.124.79
626,Bambi,2019-01-17 05:08:29,Forsythe,Female,164.158.119.174
627,Tessie,2019-02-08 21:02:27,Willmot,Female,54.253.34.136
628,Hermina,2019-06-29 23:24:03,De Giorgi,Female,92.233.206.118
629,Julieta,2018-08-15 18:13:50,Sawrey,Female,3.66.112.242
630,Chickie,2019-02-03 18:01:12,Bicheno,Male,221.66.40.25
631,Elysha,2018-11-28 00:09:32,Meatcher,Female,17.237.58.213
632,Darlleen,2019-02-03 13:19:29,Jorioz,Female,236.57.213.129
633,Ivory,2018-09-02 16:02:52,Veeler,Female,69.8.110.50
634,Charmian,2019-04-27 05:23:21,Kahan,Female,142.192.132.22
635,Pamelina,2019-06-21 00:37:11,Mortimer,Female,75.208.60.149
636,Madalena,2018-12-04 23:17:53,Wastie,Female,4.132.16.203
637,Annecorinne,2019-08-12 02:01:40,Strange,Female,87.35.129.35
638,Frederich,2019-02-25 07:49:14,Mateuszczyk,Male,103.131.25.119
639,Georas,2019-08-03 13:49:23,Weatherhill,Male,60.151.96.64
640,Dirk,2019-02-26 05:56:00,Kinnard,Male,212.188.11.216
641,Theodoric,2019-02-17 20:24:06,Kirke,Male,127.163.99.160
642,Angeli,2018-08-22 16:53:05,Strange,Male,170.91.178.187
643,Cynthea,2018-09-28 12:42:51,Sherrocks,Female,105.77.60.124
644,Lianna,2018-11-14 12:57:24,Fifield,Female,114.44.137.134
645,Jerrie,2018-09-03 03:09:11,Chedzoy,Male,212.185.24.34
646,Rheba,2019-06-02 05:08:52,De la Yglesia,Female,234.209.36.62
647,Neville,2019-01-05 20:53:32,Rideout,Male,164.153.105.12
648,Cad,2019-02-26 18:48:05,Bartalucci,Male,51.164.190.176
649,Ambrosio,2019-03-17 18:26:26,Pretor,Male,117.12.211.30
650,Dante,2019-07-28 17:53:44,Spread,Male,213.56.196.164
651,Tabb,2019-01-30 20:35:41,Real,Male,115.141.216.27
652,Lorelei,2019-02-10 18:12:52,Yanson,Female,195.186.91.143
653,Luke,2018-09-07 13:26:01,Sellstrom,Male,246.13.1.77
654,Nonna,2019-02-08 20:16:12,Ladds,Female,206.84.5.52
655,Almeda,2019-07-10 08:40:08,Amber,Female,1.156.249.29
656,Waldo,2018-10-05 19:53:31,Shackelton,Male,239.39.167.2
657,Liza,2019-05-05 03:41:29,Stern,Female,13.65.30.243
658,Shepperd,2018-09-16 23:02:54,Cornfield,Male,179.123.177.12
659,Kata,2019-03-10 19:21:38,Secker,Female,174.152.75.239
660,Paco,2019-08-06 00:57:53,Stuke,Male,7.20.202.21
661,Jay,2019-01-27 21:37:36,Woolerton,Male,220.125.224.57
662,Netti,2019-06-29 08:25:25,Hopewell,Female,243.48.203.6
663,Chancey,2019-04-24 22:47:44,Duncan,Male,48.53.217.63
664,Anatola,2019-01-21 21:00:03,Mattke,Female,5.178.200.221
665,Douglas,2018-10-24 11:42:59,Van Son,Male,245.155.153.221
666,Hillard,2018-12-17 03:30:07,Whitchurch,Male,131.141.182.248
667,Edlin,2019-07-03 12:18:10,Seear,Male,29.58.71.96
668,Florida,2018-08-24 11:03:38,Ghiotto,Female,10.167.65.117
669,Walker,2019-01-24 12:27:01,Edensor,Male,232.58.216.132
670,Ailene,2019-05-12 09:10:55,Gaylor,Female,206.3.214.241
671,Lemuel,2018-12-02 17:28:04,Baack,Male,200.196.192.157
672,Forbes,2019-02-03 15:06:24,Arrow,Male,21.28.108.99
673,Debby,2018-10-28 21:04:10,Fencott,Female,13.44.165.175
674,Denney,2018-10-20 13:52:26,Nason,Male,77.121.217.103
675,Carroll,2018-12-03 01:43:29,Killigrew,Female,185.237.94.219
676,Fanchon,2018-12-18 05:53:12,Coneley,Female,250.110.162.218
677,Shepherd,2018-11-20 14:40:45,Fawlkes,Male,102.167.116.57
678,Gunner,2018-08-19 04:16:19,Jerams,Male,183.57.64.83
679,Horacio,2019-01-07 09:40:31,Bachelor,Male,104.253.231.211
680,Briny,2018-08-17 08:42:59,Halm,Female,152.107.54.11
681,Durward,2018-10-06 14:02:20,Walas,Male,198.108.19.141
682,Iago,2018-09-16 14:47:04,Pietsma,Male,189.158.179.92
683,Nowell,2018-09-04 10:52:45,Ivoshin,Male,24.159.242.9
684,Isiahi,2019-03-30 08:57:33,Lougheed,Male,183.205.250.103
685,Rubi,2019-01-27 01:31:11,Flaxman,Female,216.179.241.110
686,Codi,2018-08-27 09:44:31,Minshull,Female,137.17.105.135
687,Mata,2018-08-26 13:14:05,Whild,Male,6.16.198.156
688,Margery,2019-06-10 21:01:57,Streat,Female,102.119.6.46
689,Sande,2019-08-01 19:27:23,McGurk,Female,135.13.183.170
690,Silvanus,2019-08-13 04:01:40,Papworth,Male,241.25.120.100
691,Garrek,2019-02-03 17:52:22,Fetherby,Male,199.153.238.75
692,Camella,2019-06-24 13:42:55,Syddon,Female,252.174.2.199
693,Pren,2019-02-28 13:45:41,Le Frank,Male,82.55.54.151
694,Darrel,2019-03-07 17:21:56,Mc-Kerley,Male,45.110.139.188
695,Harry,2019-03-08 12:14:28,Hassekl,Male,184.231.3.175
696,Forrester,2019-03-31 02:46:16,Hincham,Male,188.31.100.247
697,Nanette,2018-08-22 11:24:25,Faragher,Female,192.185.178.113
698,Johnny,2019-07-15 11:43:34,Frango,Male,81.254.140.250
699,Dasi,2019-02-27 18:55:10,Gillease,Female,244.66.95.56
700,Danie,2019-05-10 00:33:06,Dillinton,Male,39.203.111.254
701,Isabelle,2019-05-24 08:37:38,Furber,Female,108.251.159.245
702,Ashlen,2019-05-25 20:23:38,Masding,Female,137.227.204.33
703,Leslie,2018-10-16 16:40:00,Klimp,Female,59.106.114.65
704,Helen,2019-04-02 13:05:02,De Carlo,Female,203.216.101.94
705,Judie,2019-07-12 05:36:08,Rintoul,Female,225.58.190.148
706,Bartolomeo,2018-11-09 10:29:00,Stiebler,Male,250.169.184.27
707,Cletis,2018-09-26 01:56:10,Mountfort,Male,18.122.199.167
708,Joelle,2018-12-18 20:58:12,Dobrovsky,Female,136.191.188.11
709,Emmalyn,2018-12-02 07:51:48,Tressler,Female,100.206.142.250
710,Joey,2019-01-08 23:57:54,Whetland,Male,32.142.217.20
711,Celle,2019-04-15 17:15:24,Lapham,Female,22.90.4.71
712,Binny,2018-12-11 11:48:16,Doody,Female,218.188.116.90
713,Theodore,2018-09-29 16:12:37,Kluge,Male,65.153.10.220
714,Bernice,2019-08-04 14:02:09,Dun,Female,20.146.56.212
715,Gertrudis,2019-02-09 20:24:59,Eakens,Female,197.196.107.66
716,Trever,2018-11-26 00:16:35,Doughtery,Male,189.116.60.98
717,Juline,2018-08-26 09:34:51,Armitt,Female,227.57.126.183
718,Marion,2018-12-22 09:59:51,Heinonen,Male,217.83.35.232
719,Shayne,2019-06-21 23:02:54,Dykins,Female,196.160.26.141
720,Laurice,2018-10-16 22:15:57,Borgars,Female,158.230.167.250
721,Tobin,2019-07-20 03:54:22,Ounsworth,Male,175.4.184.200
722,Malanie,2019-05-12 15:10:05,Connerly,Female,66.65.77.231
723,Sabina,2018-10-03 06:04:53,Bygreaves,Female,13.59.237.49
724,Bonnie,2018-11-09 10:40:26,Jobke,Female,41.87.220.254
725,Lissie,2019-01-03 14:22:19,Langman,Female,213.131.139.30
726,Teodoro,2019-05-29 19:48:52,Serrurier,Male,31.40.117.221
727,Jobyna,2019-06-27 00:04:30,Nussii,Female,185.85.199.81
728,Mariette,2019-07-22 09:16:07,Scarce,Female,55.252.55.174
729,Pattie,2018-10-07 23:47:05,Caplan,Male,25.59.133.234
730,Davy,2018-10-02 10:44:09,Booth-Jarvis,Male,91.31.112.89
731,John,2018-11-05 11:51:10,Venner,Male,83.37.206.207
732,Cristine,2018-11-13 03:25:07,Hursey,Female,30.226.180.147
733,Glendon,2018-09-01 01:47:21,Shenley,Male,51.177.14.115
734,Beatrix,2019-01-15 11:17:44,Danilyak,Female,224.165.115.12
735,Hermy,2019-07-03 03:27:47,Mepham,Male,88.158.245.138
736,Cyrille,2019-02-19 07:12:09,Leinweber,Male,167.204.121.90
737,Yance,2019-04-13 18:08:44,Dollard,Male,26.8.165.193
738,Paolo,2019-07-25 09:25:56,Bryns,Male,143.78.177.61
739,Winnie,2018-12-04 17:56:50,Howle,Female,197.50.198.115
740,Aveline,2018-12-21 21:04:02,Roof,Female,97.17.59.34
741,Ansel,2019-06-27 10:33:05,Campelli,Male,220.65.218.173
742,Nataniel,2019-01-28 12:49:48,Schreurs,Male,192.58.115.228
743,Piotr,2019-02-20 11:35:26,Jorczyk,Male,195.169.163.118
744,Erik,2018-10-30 09:24:22,Pretswell,Male,151.38.136.100
745,Dell,2018-10-23 13:31:21,McLanachan,Female,159.230.181.76
746,Emmett,2019-04-08 22:35:07,Maes,Male,247.228.254.17
747,Buffy,2018-11-27 05:25:29,Bamforth,Female,179.21.97.174
748,Gaspar,2019-04-12 16:50:50,Dagon,Male,205.215.185.151
749,Wini,2019-08-09 03:08:54,Scud,Female,73.37.178.106
750,Noreen,2019-03-18 06:31:50,Brash,Female,244.255.79.101
751,Billie,2019-06-12 00:54:27,Simonetti,Female,190.53.4.112
752,Pierson,2019-05-19 09:32:01,Gannan,Male,142.94.195.152
753,Nicko,2018-11-04 19:19:48,McCaughen,Male,128.55.88.83
754,Dimitri,2018-09-10 17:55:16,Coppen,Male,131.117.234.127
755,Esmaria,2019-02-17 20:25:20,Matushevitz,Female,21.89.193.3
756,Bail,2018-12-13 00:26:07,Wilkie,Male,47.166.235.166
757,Lea,2018-09-26 19:58:14,Gayne,Female,16.214.42.154
758,Kimberli,2019-03-02 02:57:53,Chalder,Female,119.102.162.141
759,Ofilia,2019-01-10 20:25:24,Ekkel,Female,17.0.250.37
760,Frederick,2018-10-11 17:56:00,Bruhnsen,Male,75.223.81.229
761,Lutero,2018-08-25 10:14:11,Compton,Male,45.161.133.1
762,Mandi,2019-04-10 01:50:07,Pettyfar,Female,159.111.106.35
763,Edouard,2018-09-13 09:02:00,Panichelli,Male,169.2.141.114
764,Giulio,2019-05-26 05:24:36,Lofting,Male,48.124.27.63
765,Sophia,2019-03-17 22:02:38,Potzold,Female,47.158.110.190
766,Zacharie,2018-12-29 06:20:43,Slorance,Male,181.104.113.31
767,Morgun,2019-07-08 18:24:47,Grgic,Male,252.76.255.159
768,Chaddie,2019-01-06 05:31:08,Tiley,Male,144.141.218.201
769,Rodolph,2019-01-14 22:36:10,Ross,Male,177.191.214.206
770,Ron,2018-10-15 06:07:02,Docksey,Male,134.232.183.7
771,Milt,2019-02-04 09:31:49,Lyford,Male,161.93.100.130
772,Margarette,2018-11-12 07:04:48,Vynarde,Female,56.32.240.220
773,Malachi,2019-01-09 19:08:49,Pitrelli,Male,242.206.254.44
774,Jaquenetta,2019-05-31 16:45:30,McLeese,Female,115.218.216.225
775,Jacinthe,2019-06-13 13:36:51,Barts,Female,10.162.109.87
776,Heath,2019-05-19 21:53:29,Halleybone,Male,232.252.101.51
777,Tremain,2018-12-12 23:04:20,Bowller,Male,235.92.139.8
778,Marice,2018-11-18 17:13:40,Olechnowicz,Female,12.111.53.208
779,Caroljean,2019-08-10 20:33:33,Simko,Female,71.0.177.213
780,Bird,2019-08-13 13:13:22,Delyth,Female,29.237.110.88
781,Baryram,2018-12-21 02:53:37,Andriulis,Male,46.91.82.5
782,Derick,2019-01-16 04:35:20,Gerhold,Male,148.67.96.118
783,Neilla,2019-06-06 01:06:15,Nystrom,Female,132.250.167.29
784,Gene,2019-06-24 08:04:56,Lay,Male,142.147.239.64
785,Pinchas,2019-02-16 08:19:00,Cheshire,Male,121.37.200.84
786,Burt,2019-03-04 08:06:32,Metzig,Male,175.21.54.131
787,Nessa,2019-05-24 14:46:32,Ghidoli,Female,80.166.42.232
788,Toinette,2019-02-08 03:49:29,Wensley,Female,123.210.29.145
789,Drusie,2019-08-01 13:22:13,MacAndie,Female,41.234.201.7
790,Olav,2019-04-26 19:34:26,Hardistry,Male,194.109.137.72
791,Esme,2018-08-22 10:16:10,Markos,Female,157.166.66.165
792,Farlee,2018-11-13 23:52:09,Brafferton,Male,139.185.15.95
793,Crissie,2019-05-24 03:54:49,Monelli,Female,22.185.165.46
794,Giordano,2018-09-08 20:01:04,Manifold,Male,216.102.152.200
795,Austin,2018-09-09 22:17:03,Hadwin,Male,33.10.1.141
796,Cate,2019-07-03 10:28:20,Cutford,Female,108.96.233.27
797,Theo,2019-04-21 05:07:03,Yellep,Male,94.225.98.176
798,Sofia,2018-09-20 00:59:03,Dowding,Female,53.169.58.45
799,Morly,2019-01-22 05:42:33,Shaefer,Male,54.71.113.173
800,Lettie,2018-10-18 14:44:14,Bew,Female,89.209.232.242
801,Jen,2019-06-03 07:51:13,Foxcroft,Female,251.231.39.224
802,Leoine,2018-11-17 02:48:10,Nairns,Female,95.186.87.119
803,Manuel,2019-07-05 14:26:21,Sadlier,Male,241.160.125.221
804,Jennee,2019-07-10 00:57:58,Pepperell,Female,223.55.139.108
805,Rob,2019-06-16 00:05:48,Janway,Male,94.188.167.113
806,Deirdre,2018-10-07 01:11:02,Lacase,Female,33.95.252.120
807,Lara,2019-03-19 06:27:42,Doxey,Female,193.93.235.121
808,Yance,2018-12-23 04:44:03,Yurmanovev,Male,146.48.121.53
809,See,2018-09-23 10:54:47,Shillitoe,Male,97.240.127.29
810,Baxter,2018-12-27 18:13:16,Kasparski,Male,132.254.131.246
811,Cornelle,2019-06-13 09:34:15,Churchouse,Female,174.125.242.163
812,Myrle,2019-07-11 20:59:26,Doll,Female,187.177.52.193
813,Ninette,2019-03-02 22:21:09,Deem,Female,1.97.130.217
814,Yettie,2018-09-29 11:52:08,Sillars,Female,31.202.244.141
815,Jilli,2018-09-12 16:09:22,Davidowich,Female,186.222.14.61
816,Karlene,2018-08-20 10:01:46,Sewell,Female,133.110.190.200
817,Bastien,2018-09-26 08:52:51,Severs,Male,82.139.96.207
818,Jared,2018-08-26 10:09:03,Aykroyd,Male,200.148.205.130
819,Jill,2018-08-17 15:29:22,Majury,Female,74.110.210.99
820,Mackenzie,2019-08-09 00:09:09,Bauckham,Male,225.223.180.107
821,Denny,2018-10-03 08:12:52,Farthin,Female,233.215.176.99
822,Rhodia,2019-02-16 03:29:50,Sor,Female,87.69.84.223
823,Catha,2019-08-02 17:00:56,Guile,Female,6.62.120.101
824,Broddie,2019-02-16 01:18:07,Murkus,Male,225.169.37.178
825,Dacey,2019-01-14 12:08:30,Leuren,Female,180.207.5.229
826,Allie,2019-05-10 07:39:11,O'Sheils,Male,80.134.104.245
827,Simon,2019-01-25 21:28:39,Bracer,Male,96.78.84.141
828,Allix,2019-05-18 00:07:54,Physic,Female,181.129.171.116
829,Valeria,2019-07-28 11:42:40,Keune,Female,142.59.147.115
830,Giuseppe,2019-05-16 00:38:07,Baddeley,Male,49.81.82.184
831,Shaughn,2019-06-15 09:44:51,Toller,Male,250.54.9.143
832,Powell,2018-09-08 19:18:09,Varley,Male,226.206.226.67
833,Linzy,2019-03-05 02:54:23,Ahmad,Female,129.217.143.198
834,Lorilyn,2018-11-24 18:09:00,Klewer,Female,153.177.145.157
835,Oswell,2018-09-30 21:38:38,Darnell,Male,180.58.112.169
836,Rockwell,2018-09-04 15:17:04,Jewett,Male,37.168.125.158
837,Chelsy,2019-01-06 03:39:29,Traise,Female,117.102.172.1
838,Lynn,2019-01-14 08:09:23,Bernade,Male,65.48.144.81
839,Koralle,2019-03-14 16:43:42,Plunket,Female,180.53.171.207
840,Manon,2019-07-06 21:12:19,Westcar,Female,105.164.106.212
841,Raina,2018-12-22 11:37:42,Laboune,Female,155.74.24.163
842,Carolyn,2019-03-24 17:01:54,Deeth,Female,142.105.174.127
843,Giselle,2019-07-11 01:36:05,Finessy,Female,199.255.161.239
844,Barrett,2019-01-12 05:00:43,Satcher,Male,78.99.229.38
845,Jeff,2018-12-07 03:37:31,Beincken,Male,241.226.191.9
846,Naomi,2019-04-12 18:05:23,Dun,Female,119.57.171.10
847,Danie,2018-12-14 09:16:01,Wild,Male,139.65.121.17
848,Milton,2019-06-20 07:52:40,Ferrieroi,Male,7.168.37.250
849,Conchita,2019-05-10 06:18:13,Casterton,Female,96.25.11.215
850,Phebe,2019-04-30 06:53:45,Stockey,Female,10.41.38.189
851,Adaline,2019-08-04 06:58:03,Shewon,Female,171.102.66.152
852,Clare,2019-01-23 16:30:30,Klebes,Female,55.118.68.84
853,Pierrette,2019-02-18 10:32:34,Ablewhite,Female,34.189.68.35
854,Shannah,2018-12-11 18:25:19,Keigher,Female,137.36.14.230
855,Jessey,2019-06-15 23:36:41,De Ferrari,Male,54.2.251.37
856,Arnaldo,2018-11-05 20:09:10,Cook,Male,127.44.38.181
857,Dene,2019-04-13 07:16:55,Burbury,Male,163.166.105.15
858,Emmott,2018-09-17 14:36:35,Juleff,Male,99.55.183.192
859,Gertruda,2019-06-30 17:03:56,Abbess,Female,50.141.155.139
860,Ferdinand,2019-01-31 11:33:22,Grolmann,Male,88.251.106.214
861,Leia,2018-12-19 00:12:17,Bussel,Female,96.25.195.215
862,Glendon,2019-06-21 22:30:23,Renzo,Male,188.30.18.239
863,Patrizius,2019-07-06 02:58:17,Nuttall,Male,138.6.95.233
864,Gwenette,2019-05-13 21:50:50,De Malchar,Female,214.34.13.50
865,Steffen,2019-04-24 08:11:29,Goold,Male,240.47.184.22
866,Chaddie,2018-10-27 21:53:12,Jowers,Male,144.85.236.31
867,Bern,2019-07-10 23:46:14,Rainy,Male,224.190.64.153
868,Giraud,2019-03-03 03:12:23,Hurt,Male,213.2.6.76
869,Padraig,2019-04-12 09:59:52,Stidston,Male,107.199.110.0
870,Ajay,2019-07-28 17:28:24,Bladge,Female,68.6.95.124
871,Noreen,2019-07-18 15:23:37,Handsheart,Female,115.210.161.228
872,Allissa,2019-04-24 12:54:44,Brechin,Female,100.93.214.176
873,Bud,2019-05-14 22:34:49,Archbould,Male,42.242.105.15
874,Fons,2018-10-25 05:47:38,Cowderay,Male,4.137.113.40
875,Cassy,2019-05-16 01:09:38,Ramshay,Female,131.100.101.1
876,Inness,2019-03-09 14:53:31,Bubb,Male,113.204.38.144
877,Jeffrey,2018-10-15 12:45:17,Langton,Male,127.49.56.231
878,Phillipp,2018-08-21 09:52:36,Bortolutti,Male,192.185.68.136
879,Bartholomeo,2019-01-06 15:08:08,Calan,Male,39.86.244.13
880,Stillmann,2018-09-28 11:56:03,Hawksby,Male,166.112.162.192
881,Maude,2018-11-08 13:02:48,Statefield,Female,211.226.97.60
882,Loy,2019-04-14 13:37:00,Hullbrook,Male,219.139.251.249
883,Gerick,2018-08-25 20:32:37,Toynbee,Male,201.36.95.27
884,Aurelie,2018-10-31 10:12:36,Cornwell,Female,123.154.30.5
885,Conrado,2019-06-24 02:23:38,Banbrook,Male,37.199.17.66
886,Arturo,2018-09-09 15:49:15,Cosgriff,Male,156.150.29.117
887,Anders,2018-12-29 04:13:59,Cozens,Male,107.202.32.24
888,Klaus,2018-09-16 08:53:18,Cominello,Male,202.174.180.127
889,Ced,2019-05-25 10:47:28,Greatorex,Male,65.175.171.221
890,Blakelee,2018-09-18 12:53:49,Newcomb,Female,169.171.194.55
891,Tamarah,2019-07-16 10:37:23,Works,Female,94.179.252.49
892,Alfy,2019-03-22 20:10:04,Dumbrill,Female,30.137.150.237
893,Aidan,2019-05-13 18:53:16,Spellissy,Female,165.253.13.11
894,Shir,2019-01-02 12:59:52,Chisholme,Female,170.76.157.201
895,Byrle,2019-08-02 13:06:28,Carefull,Male,92.17.105.133
896,Archy,2019-04-02 11:10:10,Suddick,Male,85.136.216.210
897,Leticia,2018-12-22 07:34:42,Tossell,Female,98.87.8.65
898,Cleo,2019-06-24 03:14:21,Keyser,Female,193.233.161.121
899,Sybyl,2018-10-14 15:02:34,Whereat,Female,110.204.197.1
900,Darline,2018-12-09 20:46:00,Ladson,Female,39.204.163.220
901,Carolyne,2018-12-19 09:15:17,Hull,Female,34.129.37.28
902,Ruby,2019-07-18 23:19:38,Goodridge,Male,42.150.42.183
903,Chrissie,2018-11-29 01:53:42,Hairyes,Female,66.211.168.96
904,Mozelle,2019-05-01 14:08:40,Whenham,Female,140.119.254.193
905,Frazer,2019-04-04 21:29:10,Perritt,Male,194.33.135.234
906,Janek,2018-09-26 00:54:21,Kauffman,Male,78.92.52.30
907,Kerry,2018-08-17 02:03:45,Silveston,Female,207.237.228.231
908,Florian,2019-01-12 16:35:13,Moan,Male,35.159.48.100
909,Kingston,2019-05-31 02:41:25,Verissimo,Male,202.172.40.139
910,Elsi,2019-07-04 10:05:42,Toolin,Female,30.247.174.244
911,Shaylyn,2018-10-04 01:29:30,Spark,Female,96.83.208.93
912,Beryl,2019-06-09 11:32:05,Studde,Female,66.15.231.60
913,Lorraine,2019-03-26 07:32:54,Bown,Female,191.234.31.239
914,Pieter,2018-11-07 01:46:01,Blasoni,Male,41.68.28.189
915,Charline,2018-11-11 21:59:23,Force,Female,111.148.195.253
916,Faina,2018-10-16 23:01:53,Farrance,Female,196.218.17.182
917,Grant,2019-08-09 17:39:02,Alstead,Male,86.167.4.6
918,Zeb,2019-01-02 20:40:20,Czajkowska,Male,83.244.38.159
919,Brod,2019-08-05 16:08:47,Jefferys,Male,102.179.139.1
920,Lilas,2019-03-29 14:56:59,Vowels,Female,74.231.150.202
921,Tabbi,2019-01-20 11:37:06,Tallquist,Female,95.253.116.137
922,Morton,2019-01-29 14:56:40,Cornilli,Male,15.71.73.243
923,Dyann,2019-06-14 05:03:26,Longbottom,Female,158.198.152.16
924,Vick,2018-09-15 01:40:33,Woodroof,Male,46.164.173.5
925,Bernadene,2019-05-29 04:29:03,Denekamp,Female,15.143.89.197
926,Kort,2019-03-31 23:28:38,Vitler,Male,74.198.68.244
927,Crichton,2019-02-21 08:48:11,Cummine,Male,200.188.118.30
928,Katinka,2019-06-27 10:48:10,Sline,Female,56.191.37.57
929,Lily,2019-05-19 19:59:25,Hawkwood,Female,175.229.142.248
930,Jeffrey,2019-01-27 19:24:01,Pawelec,Male,130.101.202.21
931,Emlyn,2018-08-17 11:22:47,Parlet,Female,42.196.18.87
932,Debi,2019-06-28 05:11:03,Thackeray,Female,196.69.235.10
933,Hannis,2019-01-28 20:21:43,Storek,Female,121.8.216.16
934,Annalee,2019-06-17 16:43:45,Bowell,Female,74.166.206.192
935,Taffy,2018-12-18 04:26:24,Asken,Female,43.253.207.97
936,Eleni,2019-04-01 00:52:47,Linkie,Female,214.35.101.133
937,Gaby,2019-02-26 04:32:42,Beddo,Female,10.252.45.203
938,Dimitry,2018-12-01 04:31:25,Konig,Male,34.105.152.0
939,Tiena,2019-02-27 04:27:57,Knatt,Female,145.199.241.197
940,Whitaker,2019-05-27 03:23:24,Panas,Male,184.7.17.109
941,Dody,2018-12-14 20:48:39,MacMorland,Female,203.6.93.71
942,Cyrille,2018-12-04 10:52:30,Sutworth,Male,130.196.21.69
943,Yale,2018-12-25 09:20:12,Peter,Male,149.230.241.62
944,Derby,2019-03-20 12:20:25,Matschek,Male,99.20.76.104
945,Fredek,2019-07-29 08:09:35,Huckel,Male,75.112.131.95
946,Tomkin,2018-09-12 03:08:35,Sydney,Male,74.48.3.12
947,Sansone,2019-01-08 01:21:06,Tremonte,Male,34.207.74.93
948,Cayla,2018-11-27 13:40:22,Yonge,Female,146.16.161.55
949,Ruthe,2019-04-20 17:13:55,Jakaway,Female,15.14.4.180
950,Kimmy,2018-11-26 18:23:19,Garnett,Female,19.34.195.52
951,Estrellita,2018-12-07 22:21:34,Maliphant,Female,246.100.49.215
952,Abbey,2019-05-28 18:23:10,Immings,Male,36.151.76.85
953,Tani,2018-09-12 17:28:41,Chrispin,Female,71.71.207.90
954,Fenelia,2018-11-28 22:37:51,Harbar,Female,235.233.63.203
955,Carroll,2018-10-09 17:13:49,Adamovsky,Male,70.86.197.69
956,Marika,2019-07-07 06:37:59,Pallent,Female,237.175.159.247
957,Lester,2019-05-19 15:50:45,Catanheira,Male,2.18.236.105
958,Adriena,2018-12-31 07:43:36,Brewett,Female,248.16.211.61
959,Ira,2018-12-30 15:23:37,Bolden,Male,63.49.77.249
960,Ewan,2019-07-09 19:00:49,Rembrandt,Male,54.169.67.116
961,Shirlee,2019-03-11 17:23:45,Oby,Female,110.199.234.133
962,Karlis,2019-01-05 06:06:58,Smiley,Male,94.48.142.168
963,Ashli,2018-10-28 02:04:57,Durning,Female,54.49.11.68
964,Channa,2018-11-20 04:17:58,O'Donoghue,Female,241.166.16.125
965,Nonah,2019-06-08 15:54:54,Mammatt,Female,10.250.170.45
966,Ian,2018-12-09 01:17:22,Malamore,Male,253.219.53.220
967,Katerina,2018-09-23 08:14:07,Bahlmann,Female,45.149.52.48
968,Cyrill,2018-10-31 19:47:42,McCalum,Male,254.64.238.132
969,Quillan,2018-10-11 02:36:00,Weerdenburg,Male,62.95.28.228
970,Amalee,2018-09-02 13:16:57,Stelli,Female,242.171.1.171
971,Aigneis,2019-05-23 01:13:47,Sparey,Female,35.163.173.70
972,Yettie,2018-10-09 22:26:38,Chadderton,Female,81.136.126.173
973,Adelaida,2018-12-22 00:20:18,Murtell,Female,77.59.73.208
974,Natassia,2019-03-14 15:19:51,Jewer,Female,206.179.6.80
975,Latrina,2019-06-09 02:21:14,Sedger,Female,134.114.7.248
976,Sascha,2019-07-20 13:18:36,Leetham,Male,232.103.213.206
977,Bonny,2019-03-14 17:06:14,Shadrack,Female,124.178.92.238
978,Berni,2019-05-01 23:36:05,Brunstan,Female,204.133.163.40
979,Corabel,2019-07-18 16:23:01,Cable,Female,215.26.9.18
980,Peadar,2019-06-28 01:06:00,Arlett,Male,25.1.172.98
981,Sonja,2018-12-09 13:44:56,Lainton,Female,8.28.241.119
982,Basile,2018-11-21 23:11:59,Antoniewicz,Male,20.130.90.227
983,Terrye,2019-04-20 03:55:05,Shorthouse,Female,171.119.244.216
984,Webb,2019-08-12 08:41:14,Tolle,Male,50.166.98.123
985,Ally,2019-02-09 13:34:38,Pendergast,Female,43.122.147.200
986,Jillene,2019-07-06 23:18:56,Chesnay,Female,205.130.174.60
987,Aprilette,2018-12-28 09:12:54,Kemble,Female,148.120.18.243
988,Vachel,2019-03-15 01:51:54,Luberti,Male,20.197.156.32
989,Norris,2019-06-18 19:35:10,McDiarmid,Male,216.200.226.108
990,Gwendolyn,2018-11-16 07:39:21,Spiring,Female,142.144.71.133
991,Wilburt,2019-03-15 08:44:09,Blakiston,Male,144.38.192.151
992,Albertine,2019-01-18 16:20:01,Anwyl,Female,68.160.168.28
993,Tiff,2019-02-09 05:33:53,Skittreal,Female,237.31.132.15
994,Morey,2019-02-26 00:10:20,Hatley,Male,102.50.241.174
995,Yehudit,2018-10-29 05:19:39,Tansley,Male,16.9.87.130
996,Shaina,2018-12-13 01:06:58,Simonnot,Female,116.12.177.194
997,Murdoch,2019-05-04 02:37:46,Diffley,Male,77.145.121.134
998,Arlene,2019-04-08 15:19:23,Rock,Female,116.62.187.79
999,Wadsworth,2019-08-06 10:22:23,Izkovitch,Male,136.245.250.103
1000,Berty,2019-07-27 13:34:06,Ridgers,Female,6.203.189.34
